"inner_id: 2,unit_data: # 使用 *** 作为不同域之间的分隔符,unit_golden: False,|||question_description: 请输入你认为最合适的查询词,timestamp: 2015-06-06 07:38:05+00:00,worker_id: 472,result: background,correct: None|||question_description: 请输入你认为最合适的查询词,timestamp: 2015-06-06 07:42:37+00:00,worker_id: 486,result: 博物馆,correct: None|||question_description: 请输入你认为最合适的查询词,timestamp: 2015-06-06 08:03:56+00:00,worker_id: 306,result: 国家博物馆开放时间,correct: None|||question_description: 请输入你认为最合适的查询词,timestamp: 2015-06-06 08:07:14+00:00,worker_id: 58,result: 中国国家博物馆开放时间,correct: None|||question_description: 请输入你认为最合适的查询词,timestamp: 2015-06-06 08:14:04+00:00,worker_id: 494,result: 国家博物馆时间,correct: None|||question_description: 请输入你认为最合适的查询词,timestamp: 2015-06-06 08:14:17+00:00,worker_id: 438,result: 国家博物馆开放时间,correct: None|||question_description: 请输入你认为最合适的查询词,timestamp: 2015-06-06 08:28:31+00:00,worker_id: 160,result: 国博开放时间,correct: None|||question_description: 请输入你认为最合适的查询词,timestamp: 2015-06-06 08:30:00+00:00,worker_id: 259,result: 中国国家博物馆 开放时间,correct: None|||question_description: 请输入你认为最合适的查询词,timestamp: 2015-06-06 08:30:28+00:00,worker_id: 28,result: 国家博物馆开放时间,correct: None|||question_description: 请输入你认为最合适的查询词,timestamp: 2015-06-06 08:30:38+00:00,worker_id: 24,result: 国家博物馆开放时间,correct: None|||question_description: 请输入你认为最合适的查询词,timestamp: 2015-06-06 08:30:47+00:00,worker_id: 47,result: 博物馆时间,correct: None|||question_description: 请输入你认为最合适的查询词,timestamp: 2015-06-06 08:33:42+00:00,worker_id: 523,result: 中国国家博物馆开放时间,correct: None|||question_description: 请输入你认为最合适的查询词,timestamp: 2015-06-06 08:34:14+00:00,worker_id: 337,result: 博物馆 开放时间,correct: None|||question_description: 请输入你认为最合适的查询词,timestamp: 2015-06-06 08:35:39+00:00,worker_id: 21,result: 中国国家博物馆,correct: None|||question_description: 请输入你认为最合适的查询词,timestamp: 2015-06-06 08:39:16+00:00,worker_id: 187,result: 中国国家博物馆时间,correct: None|||question_description: 请输入你认为最合适的查询词,timestamp: 2015-06-06 08:39:24+00:00,worker_id: 173,result: 国博开放时间,correct: None|||question_description: 请输入你认为最合适的查询词,timestamp: 2015-06-06 08:40:34+00:00,worker_id: 14,result: 国博开放时间,correct: None|||question_description: 请输入你认为最合适的查询词,timestamp: 2015-06-06 08:41:07+00:00,worker_id: 3,result: 博物馆 开放时间,correct: None|||question_description: 请输入你认为最合适的查询词,timestamp: 2015-06-06 08:41:16+00:00,worker_id: 510,result: 参观时间,correct: None|||question_description: 请输入你认为最合适的查询词,timestamp: 2015-06-06 09:13:44+00:00,worker_id: 113,result: 中国国家博物馆开放时间,correct: None"
"inner_id: 3,unit_data: # This is a comment line and the following is the basic instruction of the file format,unit_golden: False,|||question_description: 请输入你认为最合适的查询词,timestamp: 2015-06-06 07:38:18+00:00,worker_id: 472,result: yellow,correct: None|||question_description: 请输入你认为最合适的查询词,timestamp: 2015-06-06 07:42:45+00:00,worker_id: 486,result: 水果,correct: None|||question_description: 请输入你认为最合适的查询词,timestamp: 2015-06-06 08:04:09+00:00,worker_id: 306,result: 夏天水果,correct: None|||question_description: 请输入你认为最合适的查询词,timestamp: 2015-06-06 08:07:31+00:00,worker_id: 58,result: 适合夏天吃的水果,correct: None|||question_description: 请输入你认为最合适的查询词,timestamp: 2015-06-06 08:14:29+00:00,worker_id: 438,result: 夏天水果,correct: None|||question_description: 请输入你认为最合适的查询词,timestamp: 2015-06-06 08:14:37+00:00,worker_id: 494,result: 夏天水果,correct: None|||question_description: 请输入你认为最合适的查询词,timestamp: 2015-06-06 08:28:51+00:00,worker_id: 160,result: 夏季水果,correct: None|||question_description: 请输入你认为最合适的查询词,timestamp: 2015-06-06 08:30:17+00:00,worker_id: 259,result: 夏天 水果,correct: None|||question_description: 请输入你认为最合适的查询词,timestamp: 2015-06-06 08:30:47+00:00,worker_id: 28,result: 夏天什么水果好 ,correct: None|||question_description: 请输入你认为最合适的查询词,timestamp: 2015-06-06 08:30:50+00:00,worker_id: 24,result: 夏天吃什么水果好,correct: None|||question_description: 请输入你认为最合适的查询词,timestamp: 2015-06-06 08:31:02+00:00,worker_id: 47,result: 水果季节,correct: None|||question_description: 请输入你认为最合适的查询词,timestamp: 2015-06-06 08:34:02+00:00,worker_id: 523,result: 夏天吃什么水果,correct: None|||question_description: 请输入你认为最合适的查询词,timestamp: 2015-06-06 08:34:28+00:00,worker_id: 337,result: 水果 夏天,correct: None|||question_description: 请输入你认为最合适的查询词,timestamp: 2015-06-06 08:35:47+00:00,worker_id: 21,result: 夏天吃什么水果,correct: None|||question_description: 请输入你认为最合适的查询词,timestamp: 2015-06-06 08:39:27+00:00,worker_id: 187,result: 夏天水果,correct: None|||question_description: 请输入你认为最合适的查询词,timestamp: 2015-06-06 08:39:52+00:00,worker_id: 173,result: 夏季水果,correct: None|||question_description: 请输入你认为最合适的查询词,timestamp: 2015-06-06 08:40:53+00:00,worker_id: 14,result: 夏季适合水果,correct: None|||question_description: 请输入你认为最合适的查询词,timestamp: 2015-06-06 08:41:15+00:00,worker_id: 3,result: 夏天 水果,correct: None|||question_description: 请输入你认为最合适的查询词,timestamp: 2015-06-06 08:42:13+00:00,worker_id: 510,result: 当季水果,correct: None|||question_description: 请输入你认为最合适的查询词,timestamp: 2015-06-06 08:42:27+00:00,worker_id: 524,result: 西瓜,correct: None"
"inner_id: 4,unit_data: # Each unit can have an optional geo restriction. The format is to append this string to the end: ""GEOGEO center_longitude center_latitude radius(km)"",unit_golden: False,|||question_description: 请输入你认为最合适的查询词,timestamp: 2015-06-06 07:38:31+00:00,worker_id: 472,result: background,correct: None|||question_description: 请输入你认为最合适的查询词,timestamp: 2015-06-06 07:42:56+00:00,worker_id: 486,result: 高铁,correct: None|||question_description: 请输入你认为最合适的查询词,timestamp: 2015-06-06 08:04:38+00:00,worker_id: 306,result: 高铁改签手续,correct: None|||question_description: 请输入你认为最合适的查询词,timestamp: 2015-06-06 08:07:48+00:00,worker_id: 58,result: 高铁改签政策,correct: None|||question_description: 请输入你认为最合适的查询词,timestamp: 2015-06-06 08:14:43+00:00,worker_id: 438,result: 高铁改签手续,correct: None|||question_description: 请输入你认为最合适的查询词,timestamp: 2015-06-06 08:14:50+00:00,worker_id: 494,result: 高铁改签,correct: None|||question_description: 请输入你认为最合适的查询词,timestamp: 2015-06-06 08:29:04+00:00,worker_id: 160,result: 高铁改签学生票,correct: None|||question_description: 请输入你认为最合适的查询词,timestamp: 2015-06-06 08:30:33+00:00,worker_id: 259,result: 高铁 改签,correct: None|||question_description: 请输入你认为最合适的查询词,timestamp: 2015-06-06 08:30:58+00:00,worker_id: 24,result: 高铁改签规定,correct: None|||question_description: 请输入你认为最合适的查询词,timestamp: 2015-06-06 08:31:01+00:00,worker_id: 28,result: 高铁改签政策,correct: None|||question_description: 请输入你认为最合适的查询词,timestamp: 2015-06-06 08:31:12+00:00,worker_id: 47,result: 高铁改签,correct: None|||question_description: 请输入你认为最合适的查询词,timestamp: 2015-06-06 08:34:13+00:00,worker_id: 523,result: 高铁改签,correct: None|||question_description: 请输入你认为最合适的查询词,timestamp: 2015-06-06 08:34:47+00:00,worker_id: 337,result: 高铁票 改签,correct: None|||question_description: 请输入你认为最合适的查询词,timestamp: 2015-06-06 08:35:55+00:00,worker_id: 21,result: 高铁改签规定,correct: None|||question_description: 请输入你认为最合适的查询词,timestamp: 2015-06-06 08:39:37+00:00,worker_id: 187,result: 高铁改签,correct: None|||question_description: 请输入你认为最合适的查询词,timestamp: 2015-06-06 08:40:06+00:00,worker_id: 173,result: 高铁票改签,correct: None|||question_description: 请输入你认为最合适的查询词,timestamp: 2015-06-06 08:41:02+00:00,worker_id: 14,result: 高铁改签规定,correct: None|||question_description: 请输入你认为最合适的查询词,timestamp: 2015-06-06 08:41:36+00:00,worker_id: 3,result: 高铁改签,correct: None|||question_description: 请输入你认为最合适的查询词,timestamp: 2015-06-06 08:43:00+00:00,worker_id: 524,result: 火车改签规定,correct: None|||question_description: 请输入你认为最合适的查询词,timestamp: 2015-06-06 08:44:02+00:00,worker_id: 510,result: 改签时间,correct: None"
"inner_id: 5,unit_data: # Use *** as the delimiter for fields,unit_golden: False,|||question_description: 请输入你认为最合适的查询词,timestamp: 2015-06-06 07:38:39+00:00,worker_id: 472,result: yellow,correct: None|||question_description: 请输入你认为最合适的查询词,timestamp: 2015-06-06 07:43:04+00:00,worker_id: 486,result: 五味子,correct: None|||question_description: 请输入你认为最合适的查询词,timestamp: 2015-06-06 08:04:57+00:00,worker_id: 306,result: 五味子,correct: None|||question_description: 请输入你认为最合适的查询词,timestamp: 2015-06-06 08:08:16+00:00,worker_id: 58,result: 五味子功效及食用方法,correct: None|||question_description: 请输入你认为最合适的查询词,timestamp: 2015-06-06 08:14:50+00:00,worker_id: 438,result: 五味子,correct: None|||question_description: 请输入你认为最合适的查询词,timestamp: 2015-06-06 08:15:00+00:00,worker_id: 494,result: 五味子,correct: None|||question_description: 请输入你认为最合适的查询词,timestamp: 2015-06-06 08:29:18+00:00,worker_id: 160,result: 五味子使用方法,correct: None|||question_description: 请输入你认为最合适的查询词,timestamp: 2015-06-06 08:30:57+00:00,worker_id: 259,result: 五味子 食用方法 功效,correct: None|||question_description: 请输入你认为最合适的查询词,timestamp: 2015-06-06 08:31:18+00:00,worker_id: 24,result: 五味子吃法和功效,correct: None|||question_description: 请输入你认为最合适的查询词,timestamp: 2015-06-06 08:31:27+00:00,worker_id: 47,result: 五味子,correct: None|||question_description: 请输入你认为最合适的查询词,timestamp: 2015-06-06 08:31:28+00:00,worker_id: 28,result: 五味子食用方法及功效,correct: None|||question_description: 请输入你认为最合适的查询词,timestamp: 2015-06-06 08:34:40+00:00,worker_id: 523,result: 五味子使用方法及功效,correct: None|||question_description: 请输入你认为最合适的查询词,timestamp: 2015-06-06 08:35:09+00:00,worker_id: 337,result: 五味子 使用方法,correct: None|||question_description: 请输入你认为最合适的查询词,timestamp: 2015-06-06 08:36:07+00:00,worker_id: 21,result: 五味子使用方法与功效,correct: None|||question_description: 请输入你认为最合适的查询词,timestamp: 2015-06-06 08:39:45+00:00,worker_id: 187,result: 五味子,correct: None|||question_description: 请输入你认为最合适的查询词,timestamp: 2015-06-06 08:40:40+00:00,worker_id: 173,result: 五味子百科,correct: None|||question_description: 请输入你认为最合适的查询词,timestamp: 2015-06-06 08:41:09+00:00,worker_id: 14,result: 五味子,correct: None|||question_description: 请输入你认为最合适的查询词,timestamp: 2015-06-06 08:41:42+00:00,worker_id: 3,result: 五味子,correct: None|||question_description: 请输入你认为最合适的查询词,timestamp: 2015-06-06 08:43:12+00:00,worker_id: 524,result: 五味子,correct: None|||question_description: 请输入你认为最合适的查询词,timestamp: 2015-06-06 08:45:04+00:00,worker_id: 510,result: 五位子功能,correct: None"
"inner_id: 6,unit_data: ,unit_golden: False,|||question_description: 请输入你认为最合适的查询词,timestamp: 2015-06-06 07:39:06+00:00,worker_id: 472,result: color,correct: None|||question_description: 请输入你认为最合适的查询词,timestamp: 2015-06-06 07:43:18+00:00,worker_id: 486,result: 网购火车票,correct: None|||question_description: 请输入你认为最合适的查询词,timestamp: 2015-06-06 08:05:12+00:00,worker_id: 306,result: 火车票抢购,correct: None|||question_description: 请输入你认为最合适的查询词,timestamp: 2015-06-06 08:08:31+00:00,worker_id: 58,result: 火车票抢票攻略,correct: None|||question_description: 请输入你认为最合适的查询词,timestamp: 2015-06-06 08:15:01+00:00,worker_id: 438,result: 火车票抢购,correct: None|||question_description: 请输入你认为最合适的查询词,timestamp: 2015-06-06 08:15:14+00:00,worker_id: 494,result: 抢票攻略,correct: None|||question_description: 请输入你认为最合适的查询词,timestamp: 2015-06-06 08:29:37+00:00,worker_id: 160,result: 抢火车票,correct: None|||question_description: 请输入你认为最合适的查询词,timestamp: 2015-06-06 08:31:12+00:00,worker_id: 259,result: 火车票 抢票,correct: None|||question_description: 请输入你认为最合适的查询词,timestamp: 2015-06-06 08:31:33+00:00,worker_id: 24,result: 火车票网购抢票攻略,correct: None|||question_description: 请输入你认为最合适的查询词,timestamp: 2015-06-06 08:31:39+00:00,worker_id: 47,result: 抢票攻略,correct: None|||question_description: 请输入你认为最合适的查询词,timestamp: 2015-06-06 08:31:49+00:00,worker_id: 28,result: 抢票攻略,correct: None|||question_description: 请输入你认为最合适的查询词,timestamp: 2015-06-06 08:35:10+00:00,worker_id: 523,result: 抢票攻略,correct: None|||question_description: 请输入你认为最合适的查询词,timestamp: 2015-06-06 08:35:23+00:00,worker_id: 337,result: 火车票 抢票,correct: None|||question_description: 请输入你认为最合适的查询词,timestamp: 2015-06-06 08:36:26+00:00,worker_id: 21,result: 火车票抢票攻略及注意事项,correct: None|||question_description: 请输入你认为最合适的查询词,timestamp: 2015-06-06 08:39:58+00:00,worker_id: 187,result: 网上火车票,correct: None|||question_description: 请输入你认为最合适的查询词,timestamp: 2015-06-06 08:41:27+00:00,worker_id: 14,result: 火车票抢票攻略,correct: None|||question_description: 请输入你认为最合适的查询词,timestamp: 2015-06-06 08:41:48+00:00,worker_id: 3,result: 火车票抢票,correct: None|||question_description: 请输入你认为最合适的查询词,timestamp: 2015-06-06 08:41:54+00:00,worker_id: 173,result: 火车票抢票攻略,correct: None|||question_description: 请输入你认为最合适的查询词,timestamp: 2015-06-06 08:43:37+00:00,worker_id: 524,result: 抢票,correct: None|||question_description: 请输入你认为最合适的查询词,timestamp: 2015-06-06 08:44:38+00:00,worker_id: 83,result: 火车票,correct: None"
"inner_id: 7,unit_data: 你想买一部iPhone6，但是不太清楚港版跟行货的区别，请查清楚它们的区别，主要是价格、国内保修和对国内运营商（比如电信、联通和移动）的支持方面GEOGEO 120.0 -40.0 5.0,unit_golden: False,|||question_description: 请输入你认为最合适的查询词,timestamp: 2015-06-06 07:39:15+00:00,worker_id: 472,result: yellow,correct: None|||question_description: 请输入你认为最合适的查询词,timestamp: 2015-06-06 07:43:26+00:00,worker_id: 486,result: 咖啡,correct: None|||question_description: 请输入你认为最合适的查询词,timestamp: 2015-06-06 08:05:30+00:00,worker_id: 306,result: 咖啡优缺点,correct: None|||question_description: 请输入你认为最合适的查询词,timestamp: 2015-06-06 08:08:54+00:00,worker_id: 58,result: 喝咖啡的好处与坏处,correct: None|||question_description: 请输入你认为最合适的查询词,timestamp: 2015-06-06 08:15:17+00:00,worker_id: 438,result: 咖啡优缺点,correct: None|||question_description: 请输入你认为最合适的查询词,timestamp: 2015-06-06 08:15:34+00:00,worker_id: 494,result: 喝咖啡的好坏,correct: None|||question_description: 请输入你认为最合适的查询词,timestamp: 2015-06-06 08:29:52+00:00,worker_id: 160,result: 咖啡的利弊,correct: None|||question_description: 请输入你认为最合适的查询词,timestamp: 2015-06-06 08:31:43+00:00,worker_id: 24,result: 喝咖啡的利弊,correct: None|||question_description: 请输入你认为最合适的查询词,timestamp: 2015-06-06 08:31:59+00:00,worker_id: 47,result: 咖啡,correct: None|||question_description: 请输入你认为最合适的查询词,timestamp: 2015-06-06 08:32:15+00:00,worker_id: 259,result: 咖啡的好处和副作用,correct: None|||question_description: 请输入你认为最合适的查询词,timestamp: 2015-06-06 08:32:21+00:00,worker_id: 28,result: 咖啡益处及副作用,correct: None|||question_description: 请输入你认为最合适的查询词,timestamp: 2015-06-06 08:35:35+00:00,worker_id: 523,result: 如何喝咖啡,correct: None|||question_description: 请输入你认为最合适的查询词,timestamp: 2015-06-06 08:35:39+00:00,worker_id: 337,result: 喝咖啡 健康,correct: None|||question_description: 请输入你认为最合适的查询词,timestamp: 2015-06-06 08:36:38+00:00,worker_id: 21,result: 怎么喝咖啡,correct: None|||question_description: 请输入你认为最合适的查询词,timestamp: 2015-06-06 08:40:13+00:00,worker_id: 187,result: 咖啡的功效,correct: None|||question_description: 请输入你认为最合适的查询词,timestamp: 2015-06-06 08:42:02+00:00,worker_id: 3,result: 咖啡烹制,correct: None|||question_description: 请输入你认为最合适的查询词,timestamp: 2015-06-06 08:42:07+00:00,worker_id: 173,result: 咖啡利弊,correct: None|||question_description: 请输入你认为最合适的查询词,timestamp: 2015-06-06 08:42:28+00:00,worker_id: 14,result: 咖啡饮用方式,correct: None|||question_description: 请输入你认为最合适的查询词,timestamp: 2015-06-06 08:43:51+00:00,worker_id: 524,result: coffee,correct: None|||question_description: 请输入你认为最合适的查询词,timestamp: 2015-06-06 08:45:01+00:00,worker_id: 176,result: 咖啡的利弊,correct: None"
"inner_id: 8,unit_data: 你上课听老师提到一个名词叫“衍生金融工具”，想进一步了解，请查找什么是衍生金融工具，有什么特征？GEOGEO 120.0 -40.0 5.0,unit_golden: False,|||question_description: 请输入你认为最合适的查询词,timestamp: 2015-06-06 07:39:27+00:00,worker_id: 472,result: background,correct: None|||question_description: 请输入你认为最合适的查询词,timestamp: 2015-06-06 07:43:34+00:00,worker_id: 486,result: 智齿,correct: None|||question_description: 请输入你认为最合适的查询词,timestamp: 2015-06-06 08:05:44+00:00,worker_id: 306,result: 拔智齿危害,correct: None|||question_description: 请输入你认为最合适的查询词,timestamp: 2015-06-06 08:09:12+00:00,worker_id: 58,result: 智齿是否需要拔除,correct: None|||question_description: 请输入你认为最合适的查询词,timestamp: 2015-06-06 08:15:28+00:00,worker_id: 438,result: 拔智齿危害,correct: None|||question_description: 请输入你认为最合适的查询词,timestamp: 2015-06-06 08:15:44+00:00,worker_id: 494,result: 拔智齿,correct: None|||question_description: 请输入你认为最合适的查询词,timestamp: 2015-06-06 08:30:04+00:00,worker_id: 160,result: 拔智齿的坏处,correct: None|||question_description: 请输入你认为最合适的查询词,timestamp: 2015-06-06 08:31:54+00:00,worker_id: 24,result: 智齿该不该拔,correct: None|||question_description: 请输入你认为最合适的查询词,timestamp: 2015-06-06 08:32:15+00:00,worker_id: 47,result: 拔智齿,correct: None|||question_description: 请输入你认为最合适的查询词,timestamp: 2015-06-06 08:32:26+00:00,worker_id: 259,result: 拔智齿的危害,correct: None|||question_description: 请输入你认为最合适的查询词,timestamp: 2015-06-06 08:32:33+00:00,worker_id: 28,result: 拔智齿危害,correct: None|||question_description: 请输入你认为最合适的查询词,timestamp: 2015-06-06 08:35:48+00:00,worker_id: 523,result: 智齿该不该拔,correct: None|||question_description: 请输入你认为最合适的查询词,timestamp: 2015-06-06 08:35:52+00:00,worker_id: 337,result: 拔智齿,correct: None|||question_description: 请输入你认为最合适的查询词,timestamp: 2015-06-06 08:36:49+00:00,worker_id: 21,result: 拔智齿的危害,correct: None|||question_description: 请输入你认为最合适的查询词,timestamp: 2015-06-06 08:40:28+00:00,worker_id: 187,result: 拔智齿的危害,correct: None|||question_description: 请输入你认为最合适的查询词,timestamp: 2015-06-06 08:42:08+00:00,worker_id: 3,result: 智齿危害,correct: None|||question_description: 请输入你认为最合适的查询词,timestamp: 2015-06-06 08:42:26+00:00,worker_id: 173,result: 拔智齿的危害,correct: None|||question_description: 请输入你认为最合适的查询词,timestamp: 2015-06-06 08:42:41+00:00,worker_id: 14,result: 拔智齿利弊,correct: None|||question_description: 请输入你认为最合适的查询词,timestamp: 2015-06-06 08:44:11+00:00,worker_id: 524,result: 智齿,correct: None|||question_description: 请输入你认为最合适的查询词,timestamp: 2015-06-06 08:44:52+00:00,worker_id: 83,result: 拔智齿,correct: None"
"inner_id: 9,unit_data: 你想去中国国家博物馆参观，请查找一下博物馆的开放时间GEOGEO 120.0 -40.0 5.0,unit_golden: False,|||question_description: 请输入你认为最合适的查询词,timestamp: 2015-06-06 07:39:34+00:00,worker_id: 472,result: yellow,correct: None|||question_description: 请输入你认为最合适的查询词,timestamp: 2015-06-06 07:43:43+00:00,worker_id: 486,result: 景点,correct: None|||question_description: 请输入你认为最合适的查询词,timestamp: 2015-06-06 08:06:06+00:00,worker_id: 306,result: 台湾旅游注意事项,correct: None|||question_description: 请输入你认为最合适的查询词,timestamp: 2015-06-06 08:09:26+00:00,worker_id: 58,result: 台湾旅游攻略,correct: None|||question_description: 请输入你认为最合适的查询词,timestamp: 2015-06-06 08:15:48+00:00,worker_id: 438,result: 台湾旅游景点攻略,correct: None|||question_description: 请输入你认为最合适的查询词,timestamp: 2015-06-06 08:16:01+00:00,worker_id: 494,result: 台湾旅游攻略,correct: None|||question_description: 请输入你认为最合适的查询词,timestamp: 2015-06-06 08:30:17+00:00,worker_id: 160,result: 台湾旅游攻略,correct: None|||question_description: 请输入你认为最合适的查询词,timestamp: 2015-06-06 08:32:04+00:00,worker_id: 24,result: 台湾旅游攻略,correct: None|||question_description: 请输入你认为最合适的查询词,timestamp: 2015-06-06 08:32:40+00:00,worker_id: 259,result: 台湾旅游攻略,correct: None|||question_description: 请输入你认为最合适的查询词,timestamp: 2015-06-06 08:32:43+00:00,worker_id: 28,result: 台湾旅游攻略,correct: None|||question_description: 请输入你认为最合适的查询词,timestamp: 2015-06-06 08:33:04+00:00,worker_id: 47,result: 台湾攻略,correct: None|||question_description: 请输入你认为最合适的查询词,timestamp: 2015-06-06 08:36:02+00:00,worker_id: 523,result: 台湾旅游攻略,correct: None|||question_description: 请输入你认为最合适的查询词,timestamp: 2015-06-06 08:36:11+00:00,worker_id: 337,result: 台湾旅游 注意事项,correct: None|||question_description: 请输入你认为最合适的查询词,timestamp: 2015-06-06 08:36:57+00:00,worker_id: 21,result: 台湾旅游攻略,correct: None|||question_description: 请输入你认为最合适的查询词,timestamp: 2015-06-06 08:40:38+00:00,worker_id: 187,result: 台湾旅游,correct: None|||question_description: 请输入你认为最合适的查询词,timestamp: 2015-06-06 08:42:16+00:00,worker_id: 3,result: 台湾旅游攻略,correct: None|||question_description: 请输入你认为最合适的查询词,timestamp: 2015-06-06 08:42:49+00:00,worker_id: 173,result: 台湾旅游攻略,correct: None|||question_description: 请输入你认为最合适的查询词,timestamp: 2015-06-06 08:42:52+00:00,worker_id: 14,result: 台湾旅游攻略,correct: None|||question_description: 请输入你认为最合适的查询词,timestamp: 2015-06-06 08:44:33+00:00,worker_id: 524,result: 台湾景点攻略,correct: None|||question_description: 请输入你认为最合适的查询词,timestamp: 2015-06-06 08:45:04+00:00,worker_id: 83,result: 台湾旅游,correct: None"
"inner_id: 10,unit_data: 夏天到了，你想买水果吃，许鲜网上种类很多，到底买什么好呢？请查找一下夏天吃什么水果好GEOGEO 120.0 -40.0 5.0,unit_golden: False,|||question_description: 请输入你认为最合适的查询词,timestamp: 2015-06-06 07:39:41+00:00,worker_id: 472,result: background,correct: None|||question_description: 请输入你认为最合适的查询词,timestamp: 2015-06-06 07:43:54+00:00,worker_id: 486,result: 处理,correct: None|||question_description: 请输入你认为最合适的查询词,timestamp: 2015-06-06 08:07:15+00:00,worker_id: 306,result: iphone进水处理,correct: None|||question_description: 请输入你认为最合适的查询词,timestamp: 2015-06-06 08:09:53+00:00,worker_id: 58,result: iphone进水紧急处理措施,correct: None|||question_description: 请输入你认为最合适的查询词,timestamp: 2015-06-06 08:16:02+00:00,worker_id: 438,result: 苹果进水处理,correct: None|||question_description: 请输入你认为最合适的查询词,timestamp: 2015-06-06 08:16:20+00:00,worker_id: 494,result: iphone进水,correct: None|||question_description: 请输入你认为最合适的查询词,timestamp: 2015-06-06 08:30:44+00:00,worker_id: 160,result: iphone进水怎么办,correct: None|||question_description: 请输入你认为最合适的查询词,timestamp: 2015-06-06 08:32:14+00:00,worker_id: 24,result: iPhone进水该怎么办,correct: None|||question_description: 请输入你认为最合适的查询词,timestamp: 2015-06-06 08:32:57+00:00,worker_id: 28,result: iphone进水,correct: None|||question_description: 请输入你认为最合适的查询词,timestamp: 2015-06-06 08:33:01+00:00,worker_id: 259,result: iphone进水后,correct: None|||question_description: 请输入你认为最合适的查询词,timestamp: 2015-06-06 08:33:17+00:00,worker_id: 47,result: iphone进水,correct: None|||question_description: 请输入你认为最合适的查询词,timestamp: 2015-06-06 08:36:13+00:00,worker_id: 523,result: iphone进水怎么办,correct: None|||question_description: 请输入你认为最合适的查询词,timestamp: 2015-06-06 08:36:28+00:00,worker_id: 337,result: iphone 进水,correct: None|||question_description: 请输入你认为最合适的查询词,timestamp: 2015-06-06 08:37:08+00:00,worker_id: 21,result: iphone进水怎么处理,correct: None|||question_description: 请输入你认为最合适的查询词,timestamp: 2015-06-06 08:40:46+00:00,worker_id: 187,result: iphone进水,correct: None|||question_description: 请输入你认为最合适的查询词,timestamp: 2015-06-06 08:42:26+00:00,worker_id: 3,result: iphone进水,correct: None|||question_description: 请输入你认为最合适的查询词,timestamp: 2015-06-06 08:43:03+00:00,worker_id: 14,result: iPhone进水后处理,correct: None|||question_description: 请输入你认为最合适的查询词,timestamp: 2015-06-06 08:43:05+00:00,worker_id: 173,result: iPhone进水怎么办,correct: None|||question_description: 请输入你认为最合适的查询词,timestamp: 2015-06-06 08:44:58+00:00,worker_id: 524,result: 苹果手机进水怎么办,correct: None|||question_description: 请输入你认为最合适的查询词,timestamp: 2015-06-06 08:45:22+00:00,worker_id: 176,result: 手机进水后处理,correct: None"
"inner_id: 11,unit_data: 你买了一张暑假回家的高铁票，因为一些原因想改签，请查找一下有关高铁改签的规定GEOGEO 120.0 -40.0 5.0,unit_golden: False,|||question_description: 请输入你认为最合适的查询词,timestamp: 2015-06-06 07:39:50+00:00,worker_id: 472,result: yellow,correct: None|||question_description: 请输入你认为最合适的查询词,timestamp: 2015-06-06 07:44:03+00:00,worker_id: 486,result: 流鼻血,correct: None|||question_description: 请输入你认为最合适的查询词,timestamp: 2015-06-06 08:08:04+00:00,worker_id: 306,result: 流鼻血止血,correct: None|||question_description: 请输入你认为最合适的查询词,timestamp: 2015-06-06 08:10:15+00:00,worker_id: 58,result: 幼儿流鼻血处理措施,correct: None|||question_description: 请输入你认为最合适的查询词,timestamp: 2015-06-06 08:16:33+00:00,worker_id: 494,result: 幼儿流鼻血,correct: None|||question_description: 请输入你认为最合适的查询词,timestamp: 2015-06-06 08:16:58+00:00,worker_id: 438,result: 快速止鼻血,correct: None|||question_description: 请输入你认为最合适的查询词,timestamp: 2015-06-06 08:31:01+00:00,worker_id: 160,result: 1岁儿童流鼻血止血,correct: None|||question_description: 请输入你认为最合适的查询词,timestamp: 2015-06-06 08:32:25+00:00,worker_id: 24,result: 小孩流鼻血怎么办,correct: None|||question_description: 请输入你认为最合适的查询词,timestamp: 2015-06-06 08:33:09+00:00,worker_id: 28,result: 幼儿流鼻血止血,correct: None|||question_description: 请输入你认为最合适的查询词,timestamp: 2015-06-06 08:33:21+00:00,worker_id: 259,result: 幼儿流鼻血怎么止血,correct: None|||question_description: 请输入你认为最合适的查询词,timestamp: 2015-06-06 08:33:28+00:00,worker_id: 47,result: 止鼻血,correct: None|||question_description: 请输入你认为最合适的查询词,timestamp: 2015-06-06 08:36:57+00:00,worker_id: 337,result: 幼儿流鼻血 快速止血,correct: None|||question_description: 请输入你认为最合适的查询词,timestamp: 2015-06-06 08:36:59+00:00,worker_id: 523,result: 幼儿流鼻血怎么处理,correct: None|||question_description: 请输入你认为最合适的查询词,timestamp: 2015-06-06 08:37:19+00:00,worker_id: 21,result: 幼儿流鼻血怎么止血,correct: None|||question_description: 请输入你认为最合适的查询词,timestamp: 2015-06-06 08:41:05+00:00,worker_id: 187,result: 流鼻血止血,correct: None|||question_description: 请输入你认为最合适的查询词,timestamp: 2015-06-06 08:42:36+00:00,worker_id: 3,result: 幼儿流鼻血,correct: None|||question_description: 请输入你认为最合适的查询词,timestamp: 2015-06-06 08:43:14+00:00,worker_id: 14,result: 幼儿鼻血止血方式,correct: None|||question_description: 请输入你认为最合适的查询词,timestamp: 2015-06-06 08:43:44+00:00,worker_id: 173,result: 幼儿流鼻血怎么止血,correct: None|||question_description: 请输入你认为最合适的查询词,timestamp: 2015-06-06 08:45:17+00:00,worker_id: 524,result: 儿童流鼻血,correct: None|||question_description: 请输入你认为最合适的查询词,timestamp: 2015-06-06 08:46:00+00:00,worker_id: 510,result: 孩子流鼻血怎么办,correct: None"
"inner_id: 12,unit_data: 有人给你的爷爷送了一些五味子，但你们不知道五味子是什么，请查找一下五味子的食用方法以及五味子的功效GEOGEO 120.0 -40.0 5.0,unit_golden: False,|||question_description: 请输入你认为最合适的查询词,timestamp: 2015-06-06 07:40:11+00:00,worker_id: 472,result: 冲撞,correct: None|||question_description: 请输入你认为最合适的查询词,timestamp: 2015-06-06 07:44:11+00:00,worker_id: 486,result: 冲撞,correct: None|||question_description: 请输入你认为最合适的查询词,timestamp: 2015-06-06 08:09:17+00:00,worker_id: 306,result: 高速事故处理,correct: None|||question_description: 请输入你认为最合适的查询词,timestamp: 2015-06-06 08:10:40+00:00,worker_id: 58,result: 高速路交通事故处理方式,correct: None|||question_description: 请输入你认为最合适的查询词,timestamp: 2015-06-06 08:17:11+00:00,worker_id: 494,result: 高速路撞车,correct: None|||question_description: 请输入你认为最合适的查询词,timestamp: 2015-06-06 08:17:20+00:00,worker_id: 438,result: 高速公路事故,correct: None|||question_description: 请输入你认为最合适的查询词,timestamp: 2015-06-06 08:31:16+00:00,worker_id: 160,result: 高速公路车祸怎么办,correct: None|||question_description: 请输入你认为最合适的查询词,timestamp: 2015-06-06 08:32:37+00:00,worker_id: 24,result: 高速路车祸怎么办,correct: None|||question_description: 请输入你认为最合适的查询词,timestamp: 2015-06-06 08:33:22+00:00,worker_id: 28,result: 高速冲撞解决,correct: None|||question_description: 请输入你认为最合适的查询词,timestamp: 2015-06-06 08:33:46+00:00,worker_id: 47,result: 高速路事故处理,correct: None|||question_description: 请输入你认为最合适的查询词,timestamp: 2015-06-06 08:33:47+00:00,worker_id: 259,result: 车祸伤员处理,correct: None|||question_description: 请输入你认为最合适的查询词,timestamp: 2015-06-06 08:37:23+00:00,worker_id: 337,result: 高速路车撞 怎么办,correct: None|||question_description: 请输入你认为最合适的查询词,timestamp: 2015-06-06 08:37:31+00:00,worker_id: 21,result: 高速车祸怎么处理,correct: None|||question_description: 请输入你认为最合适的查询词,timestamp: 2015-06-06 08:37:57+00:00,worker_id: 523,result: 高速公路交通事故处理,correct: None|||question_description: 请输入你认为最合适的查询词,timestamp: 2015-06-06 08:41:32+00:00,worker_id: 187,result: 高速路冲撞,correct: None|||question_description: 请输入你认为最合适的查询词,timestamp: 2015-06-06 08:42:49+00:00,worker_id: 3,result: 高速交通事故,correct: None|||question_description: 请输入你认为最合适的查询词,timestamp: 2015-06-06 08:43:31+00:00,worker_id: 14,result: 高速冲撞后处理,correct: None|||question_description: 请输入你认为最合适的查询词,timestamp: 2015-06-06 08:44:08+00:00,worker_id: 173,result: 高速公路事故解决办法,correct: None|||question_description: 请输入你认为最合适的查询词,timestamp: 2015-06-06 08:45:19+00:00,worker_id: 83,result: 车祸处理,correct: None|||question_description: 请输入你认为最合适的查询词,timestamp: 2015-06-06 10:16:17+00:00,worker_id: 148,result: 车祸,correct: None"
"inner_id: 13,unit_data: 你要买火车票，但票源比较紧张，请查找一些网上购买火车票的抢票攻略以及注意事项GEOGEO 120.0 -40.0 5.0,unit_golden: False,|||question_description: 请输入你认为最合适的查询词,timestamp: 2015-06-06 07:40:20+00:00,worker_id: 472,result: 火车票,correct: None|||question_description: 请输入你认为最合适的查询词,timestamp: 2015-06-06 07:44:21+00:00,worker_id: 486,result: 身份证,correct: None|||question_description: 请输入你认为最合适的查询词,timestamp: 2015-06-06 08:09:57+00:00,worker_id: 306,result: 没带身份证赶火车,correct: None|||question_description: 请输入你认为最合适的查询词,timestamp: 2015-06-06 08:11:03+00:00,worker_id: 58,result: 乘火车忘带身份证处理方法,correct: None|||question_description: 请输入你认为最合适的查询词,timestamp: 2015-06-06 08:17:40+00:00,worker_id: 494,result: 没带身份证怎么乘车,correct: None|||question_description: 请输入你认为最合适的查询词,timestamp: 2015-06-06 08:17:43+00:00,worker_id: 438,result: 火车实名制没带身份证,correct: None|||question_description: 请输入你认为最合适的查询词,timestamp: 2015-06-06 08:31:41+00:00,worker_id: 160,result: 买火车票没有身份证,correct: None|||question_description: 请输入你认为最合适的查询词,timestamp: 2015-06-06 08:32:58+00:00,worker_id: 24,result: 坐火车忘带身份证怎么办,correct: None|||question_description: 请输入你认为最合适的查询词,timestamp: 2015-06-06 08:33:36+00:00,worker_id: 28,result: 乘火车忘带身份证,correct: None|||question_description: 请输入你认为最合适的查询词,timestamp: 2015-06-06 08:34:00+00:00,worker_id: 259,result: 火车票忘带身份证,correct: None|||question_description: 请输入你认为最合适的查询词,timestamp: 2015-06-06 08:34:20+00:00,worker_id: 47,result: 火车站身份证,correct: None|||question_description: 请输入你认为最合适的查询词,timestamp: 2015-06-06 08:37:44+00:00,worker_id: 21,result: 登火车忘带身份证怎么办,correct: None|||question_description: 请输入你认为最合适的查询词,timestamp: 2015-06-06 08:37:46+00:00,worker_id: 337,result: 乘火车 忘记身份证,correct: None|||question_description: 请输入你认为最合适的查询词,timestamp: 2015-06-06 08:38:44+00:00,worker_id: 523,result: 没身份证怎么买火车票,correct: None|||question_description: 请输入你认为最合适的查询词,timestamp: 2015-06-06 08:41:58+00:00,worker_id: 187,result: 火车无身份证,correct: None|||question_description: 请输入你认为最合适的查询词,timestamp: 2015-06-06 08:43:04+00:00,worker_id: 3,result: 火车票补身份证,correct: None|||question_description: 请输入你认为最合适的查询词,timestamp: 2015-06-06 08:43:54+00:00,worker_id: 14,result: 火车站忘带身份证处理方式,correct: None|||question_description: 请输入你认为最合适的查询词,timestamp: 2015-06-06 08:45:43+00:00,worker_id: 83,result: 实名制 忘带身份证,correct: None|||question_description: 请输入你认为最合适的查询词,timestamp: 2015-06-06 08:45:47+00:00,worker_id: 524,result: 坐火车忘带身份证,correct: None|||question_description: 请输入你认为最合适的查询词,timestamp: 2015-06-06 09:14:50+00:00,worker_id: 113,result: 乘坐火车忘带身份证怎么办,correct: None"
"inner_id: 14,unit_data: 你喜欢喝咖啡，但有人说好也有人说不好，请你查找一下怎么喝咖啡比较健康，有什么好处，又有什么副作用？GEOGEO 120.0 -40.0 5.0,unit_golden: False,|||question_description: 请输入你认为最合适的查询词,timestamp: 2015-06-06 07:40:33+00:00,worker_id: 472,result: 行李托运,correct: None|||question_description: 请输入你认为最合适的查询词,timestamp: 2015-06-06 07:44:32+00:00,worker_id: 486,result: 行李托运,correct: None|||question_description: 请输入你认为最合适的查询词,timestamp: 2015-06-06 08:10:49+00:00,worker_id: 306,result: 行李托运规定,correct: None|||question_description: 请输入你认为最合适的查询词,timestamp: 2015-06-06 08:11:32+00:00,worker_id: 58,result: 航班携带行李规定,correct: None|||question_description: 请输入你认为最合适的查询词,timestamp: 2015-06-06 08:18:00+00:00,worker_id: 494,result: 行李托运,correct: None|||question_description: 请输入你认为最合适的查询词,timestamp: 2015-06-06 08:18:27+00:00,worker_id: 438,result: 托运行李,correct: None|||question_description: 请输入你认为最合适的查询词,timestamp: 2015-06-06 08:32:04+00:00,worker_id: 160,result: 行李托运规定,correct: None|||question_description: 请输入你认为最合适的查询词,timestamp: 2015-06-06 08:33:09+00:00,worker_id: 24,result: 飞机托运的规定,correct: None|||question_description: 请输入你认为最合适的查询词,timestamp: 2015-06-06 08:33:48+00:00,worker_id: 28,result: 飞机行李托运,correct: None|||question_description: 请输入你认为最合适的查询词,timestamp: 2015-06-06 08:34:14+00:00,worker_id: 259,result: 飞机行李托运规定,correct: None|||question_description: 请输入你认为最合适的查询词,timestamp: 2015-06-06 08:35:03+00:00,worker_id: 47,result: 飞机托运,correct: None|||question_description: 请输入你认为最合适的查询词,timestamp: 2015-06-06 08:37:53+00:00,worker_id: 21,result: 飞机行李托运规定,correct: None|||question_description: 请输入你认为最合适的查询词,timestamp: 2015-06-06 08:37:59+00:00,worker_id: 337,result: 飞机 托运行李,correct: None|||question_description: 请输入你认为最合适的查询词,timestamp: 2015-06-06 08:38:56+00:00,worker_id: 523,result: 飞机行李规定,correct: None|||question_description: 请输入你认为最合适的查询词,timestamp: 2015-06-06 08:42:14+00:00,worker_id: 187,result: 飞机行李托运,correct: None|||question_description: 请输入你认为最合适的查询词,timestamp: 2015-06-06 08:43:10+00:00,worker_id: 3,result: 飞机托运,correct: None|||question_description: 请输入你认为最合适的查询词,timestamp: 2015-06-06 08:44:09+00:00,worker_id: 14,result: 飞机托运行李规定,correct: None|||question_description: 请输入你认为最合适的查询词,timestamp: 2015-06-06 08:45:46+00:00,worker_id: 176,result: 飞机行李托运规定,correct: None|||question_description: 请输入你认为最合适的查询词,timestamp: 2015-06-06 08:46:00+00:00,worker_id: 83,result: 飞机 行李限制,correct: None|||question_description: 请输入你认为最合适的查询词,timestamp: 2015-06-06 08:46:13+00:00,worker_id: 524,result: 航空托运,correct: None"
"inner_id: 15,unit_data: 你的朋友长了智齿，不知道该不该拔，拔智齿后有没有什么危害，请查找一下拔智齿是否有危害GEOGEO 120.0 -40.0 5.0,unit_golden: False,|||question_description: 请输入你认为最合适的查询词,timestamp: 2015-06-06 07:40:43+00:00,worker_id: 472,result: 橄榄球,correct: None|||question_description: 请输入你认为最合适的查询词,timestamp: 2015-06-06 07:44:40+00:00,worker_id: 486,result: 橄榄球,correct: None|||question_description: 请输入你认为最合适的查询词,timestamp: 2015-06-06 08:11:06+00:00,worker_id: 306,result: 达阵,correct: None|||question_description: 请输入你认为最合适的查询词,timestamp: 2015-06-06 08:11:53+00:00,worker_id: 58,result: 美式橄榄球达阵含义,correct: None|||question_description: 请输入你认为最合适的查询词,timestamp: 2015-06-06 08:18:10+00:00,worker_id: 494,result: 达阵,correct: None|||question_description: 请输入你认为最合适的查询词,timestamp: 2015-06-06 08:18:42+00:00,worker_id: 438,result: 达阵,correct: None|||question_description: 请输入你认为最合适的查询词,timestamp: 2015-06-06 08:32:23+00:00,worker_id: 160,result: 橄榄球中什么是达阵,correct: None|||question_description: 请输入你认为最合适的查询词,timestamp: 2015-06-06 08:33:16+00:00,worker_id: 24,result: 达阵,correct: None|||question_description: 请输入你认为最合适的查询词,timestamp: 2015-06-06 08:34:05+00:00,worker_id: 28,result: 橄榄球达阵,correct: None|||question_description: 请输入你认为最合适的查询词,timestamp: 2015-06-06 08:34:27+00:00,worker_id: 259,result: 达阵,correct: None|||question_description: 请输入你认为最合适的查询词,timestamp: 2015-06-06 08:35:12+00:00,worker_id: 47,result: 达阵,correct: None|||question_description: 请输入你认为最合适的查询词,timestamp: 2015-06-06 08:38:11+00:00,worker_id: 21,result: 什么是达阵,correct: None|||question_description: 请输入你认为最合适的查询词,timestamp: 2015-06-06 08:38:39+00:00,worker_id: 337,result: 美式橄榄球 达阵,correct: None|||question_description: 请输入你认为最合适的查询词,timestamp: 2015-06-06 08:39:02+00:00,worker_id: 523,result: 达阵,correct: None|||question_description: 请输入你认为最合适的查询词,timestamp: 2015-06-06 08:42:29+00:00,worker_id: 187,result: 橄榄球达阵,correct: None|||question_description: 请输入你认为最合适的查询词,timestamp: 2015-06-06 08:43:19+00:00,worker_id: 3,result: 橄榄球达阵,correct: None|||question_description: 请输入你认为最合适的查询词,timestamp: 2015-06-06 08:44:29+00:00,worker_id: 14,result: 美式橄榄球达阵,correct: None|||question_description: 请输入你认为最合适的查询词,timestamp: 2015-06-06 08:46:01+00:00,worker_id: 176,result: 达阵,correct: None|||question_description: 请输入你认为最合适的查询词,timestamp: 2015-06-06 08:46:26+00:00,worker_id: 83,result: 橄榄球 达阵,correct: None|||question_description: 请输入你认为最合适的查询词,timestamp: 2015-06-06 08:47:00+00:00,worker_id: 510,result: 什么是达阵,correct: None"
"inner_id: 16,unit_data: 你想去台湾旅游，想知道需要做哪些准备工作，有什么好的景点，以及有没有什么注意事项，请查找这些内容GEOGEO 120.0 -40.0 5.0,unit_golden: False,|||question_description: 请输入你认为最合适的查询词,timestamp: 2015-06-06 07:40:51+00:00,worker_id: 472,result: 拖车,correct: None|||question_description: 请输入你认为最合适的查询词,timestamp: 2015-06-06 07:44:56+00:00,worker_id: 486,result: 拖车杆,correct: None|||question_description: 请输入你认为最合适的查询词,timestamp: 2015-06-06 08:11:40+00:00,worker_id: 306,result: 拖车杆使用方法,correct: None|||question_description: 请输入你认为最合适的查询词,timestamp: 2015-06-06 08:12:10+00:00,worker_id: 58,result: 汽车拖车杆使用方法,correct: None|||question_description: 请输入你认为最合适的查询词,timestamp: 2015-06-06 08:18:34+00:00,worker_id: 494,result: 托车杆,correct: None|||question_description: 请输入你认为最合适的查询词,timestamp: 2015-06-06 08:18:56+00:00,worker_id: 438,result: 拖车杆用法,correct: None|||question_description: 请输入你认为最合适的查询词,timestamp: 2015-06-06 08:32:35+00:00,worker_id: 160,result: 拖车杆的用法,correct: None|||question_description: 请输入你认为最合适的查询词,timestamp: 2015-06-06 08:33:29+00:00,worker_id: 24,result: 汽车拖车杆怎么用,correct: None|||question_description: 请输入你认为最合适的查询词,timestamp: 2015-06-06 08:34:30+00:00,worker_id: 28,result: 拖车杆使用方法,correct: None|||question_description: 请输入你认为最合适的查询词,timestamp: 2015-06-06 08:34:49+00:00,worker_id: 259,result: 拖车杆使用方法,correct: None|||question_description: 请输入你认为最合适的查询词,timestamp: 2015-06-06 08:38:25+00:00,worker_id: 21,result: 汽车拖车杆的使用方法,correct: None|||question_description: 请输入你认为最合适的查询词,timestamp: 2015-06-06 08:38:44+00:00,worker_id: 47,result: 拖车杆使用,correct: None|||question_description: 请输入你认为最合适的查询词,timestamp: 2015-06-06 08:39:01+00:00,worker_id: 337,result: 汽车拖车杆,correct: None|||question_description: 请输入你认为最合适的查询词,timestamp: 2015-06-06 08:39:11+00:00,worker_id: 523,result: 拖车杠使用方法,correct: None|||question_description: 请输入你认为最合适的查询词,timestamp: 2015-06-06 08:42:44+00:00,worker_id: 187,result: 拖车杆用法,correct: None|||question_description: 请输入你认为最合适的查询词,timestamp: 2015-06-06 08:43:24+00:00,worker_id: 3,result: 拖车杆,correct: None|||question_description: 请输入你认为最合适的查询词,timestamp: 2015-06-06 08:44:41+00:00,worker_id: 14,result: 汽车拖车杆使用方法,correct: None|||question_description: 请输入你认为最合适的查询词,timestamp: 2015-06-06 08:46:26+00:00,worker_id: 176,result: 拖车杆的使用方法,correct: None|||question_description: 请输入你认为最合适的查询词,timestamp: 2015-06-06 08:46:31+00:00,worker_id: 524,result: 拖车杠怎么用,correct: None|||question_description: 请输入你认为最合适的查询词,timestamp: 2015-06-06 08:46:42+00:00,worker_id: 83,result: 拖车杆 使用方法,correct: None"
"inner_id: 17,unit_data: 此刻你正在和朋友一起吃饭，突然他不小心碰倒了饮料，放在桌上的iPhone进水了。为了避免不必要的损失，请尽快查询iPhone进水后需要进行怎样的紧急处理。GEOGEO 120.0 -40.0 5.0,unit_golden: False,|||question_description: 请输入你认为最合适的查询词,timestamp: 2015-06-06 07:41:01+00:00,worker_id: 472,result: 防晒,correct: None|||question_description: 请输入你认为最合适的查询词,timestamp: 2015-06-06 07:45:04+00:00,worker_id: 486,result: 防晒霜,correct: None|||question_description: 请输入你认为最合适的查询词,timestamp: 2015-06-06 08:12:04+00:00,worker_id: 306,result: 防晒霜,correct: None|||question_description: 请输入你认为最合适的查询词,timestamp: 2015-06-06 08:12:35+00:00,worker_id: 58,result: 防晒霜如何选购与使用,correct: None|||question_description: 请输入你认为最合适的查询词,timestamp: 2015-06-06 08:19:00+00:00,worker_id: 494,result: 防晒霜,correct: None|||question_description: 请输入你认为最合适的查询词,timestamp: 2015-06-06 08:19:05+00:00,worker_id: 438,result: 防晒霜,correct: None|||question_description: 请输入你认为最合适的查询词,timestamp: 2015-06-06 08:32:54+00:00,worker_id: 160,result: 怎样选择防晒霜,correct: None|||question_description: 请输入你认为最合适的查询词,timestamp: 2015-06-06 08:33:39+00:00,worker_id: 24,result: 防晒霜购买攻略,correct: None|||question_description: 请输入你认为最合适的查询词,timestamp: 2015-06-06 08:34:40+00:00,worker_id: 28,result: 防晒霜选购,correct: None|||question_description: 请输入你认为最合适的查询词,timestamp: 2015-06-06 08:35:49+00:00,worker_id: 259,result: 防晒霜参数,correct: None|||question_description: 请输入你认为最合适的查询词,timestamp: 2015-06-06 08:38:49+00:00,worker_id: 21,result: 防晒霜的作用及评价参数,correct: None|||question_description: 请输入你认为最合适的查询词,timestamp: 2015-06-06 08:39:22+00:00,worker_id: 337,result: 防晒霜,correct: None|||question_description: 请输入你认为最合适的查询词,timestamp: 2015-06-06 08:39:32+00:00,worker_id: 523,result: 如何评价防晒霜好坏,correct: None|||question_description: 请输入你认为最合适的查询词,timestamp: 2015-06-06 08:40:17+00:00,worker_id: 47,result: 防晒霜比较,correct: None|||question_description: 请输入你认为最合适的查询词,timestamp: 2015-06-06 08:43:01+00:00,worker_id: 187,result: 防晒霜参数,correct: None|||question_description: 请输入你认为最合适的查询词,timestamp: 2015-06-06 08:43:32+00:00,worker_id: 3,result: 防晒霜选择,correct: None|||question_description: 请输入你认为最合适的查询词,timestamp: 2015-06-06 08:45:18+00:00,worker_id: 14,result: 防晒霜效果,correct: None|||question_description: 请输入你认为最合适的查询词,timestamp: 2015-06-06 08:46:49+00:00,worker_id: 176,result: 防晒霜参数,correct: None|||question_description: 请输入你认为最合适的查询词,timestamp: 2015-06-06 08:46:55+00:00,worker_id: 83,result: 防晒霜,correct: None|||question_description: 请输入你认为最合适的查询词,timestamp: 2015-06-06 08:46:59+00:00,worker_id: 524,result: 防晒霜推荐,correct: None"
"inner_id: 18,unit_data: 此时你在亲戚家做客，不满一岁的侄子突然开始流鼻血。大家都很担心，所以请尽快查询幼儿流鼻血需要采取什么样的措施快速止血。GEOGEO 120.0 -40.0 5.0,unit_golden: False,|||question_description: 请输入你认为最合适的查询词,timestamp: 2015-06-06 07:41:12+00:00,worker_id: 472,result: 台球,correct: None|||question_description: 请输入你认为最合适的查询词,timestamp: 2015-06-06 07:45:12+00:00,worker_id: 486,result: 台球,correct: None|||question_description: 请输入你认为最合适的查询词,timestamp: 2015-06-06 08:12:26+00:00,worker_id: 306,result: 台球8球和9球用法,correct: None|||question_description: 请输入你认为最合适的查询词,timestamp: 2015-06-06 08:13:00+00:00,worker_id: 58,result: 8球9球台球规则,correct: None|||question_description: 请输入你认为最合适的查询词,timestamp: 2015-06-06 08:19:13+00:00,worker_id: 494,result: 台球种类,correct: None|||question_description: 请输入你认为最合适的查询词,timestamp: 2015-06-06 08:19:15+00:00,worker_id: 438,result: 台球玩法,correct: None|||question_description: 请输入你认为最合适的查询词,timestamp: 2015-06-06 08:33:18+00:00,worker_id: 160,result: 台球8球和9球的区别,correct: None|||question_description: 请输入你认为最合适的查询词,timestamp: 2015-06-06 08:33:49+00:00,worker_id: 24,result: 8球和9球区别,correct: None|||question_description: 请输入你认为最合适的查询词,timestamp: 2015-06-06 08:34:53+00:00,worker_id: 28,result: 台球8球与9球,correct: None|||question_description: 请输入你认为最合适的查询词,timestamp: 2015-06-06 08:36:02+00:00,worker_id: 259,result: 台球八球九球,correct: None|||question_description: 请输入你认为最合适的查询词,timestamp: 2015-06-06 08:38:59+00:00,worker_id: 21,result: 台球8球9球的区别,correct: None|||question_description: 请输入你认为最合适的查询词,timestamp: 2015-06-06 08:39:35+00:00,worker_id: 337,result: 台球 8球 9球,correct: None|||question_description: 请输入你认为最合适的查询词,timestamp: 2015-06-06 08:39:50+00:00,worker_id: 523,result: 台球8球9球不同,correct: None|||question_description: 请输入你认为最合适的查询词,timestamp: 2015-06-06 08:41:34+00:00,worker_id: 47,result: 台球规则,correct: None|||question_description: 请输入你认为最合适的查询词,timestamp: 2015-06-06 08:43:10+00:00,worker_id: 187,result: 台球玩法,correct: None|||question_description: 请输入你认为最合适的查询词,timestamp: 2015-06-06 08:43:39+00:00,worker_id: 3,result: 台球8球9球,correct: None|||question_description: 请输入你认为最合适的查询词,timestamp: 2015-06-06 08:45:35+00:00,worker_id: 14,result: 台球玩法规则区别,correct: None|||question_description: 请输入你认为最合适的查询词,timestamp: 2015-06-06 08:47:06+00:00,worker_id: 176,result: 台球 8球 9球,correct: None|||question_description: 请输入你认为最合适的查询词,timestamp: 2015-06-06 08:47:11+00:00,worker_id: 83,result: 台球 8球 9球,correct: None|||question_description: 请输入你认为最合适的查询词,timestamp: 2015-06-06 08:47:22+00:00,worker_id: 524,result: 台球玩法规则,correct: None"
"inner_id: 19,unit_data: 你的朋友刚刚打电话来，他在高速路上不幸与旁边的车发生了冲撞，有人受伤。他没有经历过类似事件，此刻非常着急，请尽快帮助他查询这种情况应该怎样处理。GEOGEO 120.0 -40.0 5.0,unit_golden: False,|||question_description: 请输入你认为最合适的查询词,timestamp: 2015-06-06 07:41:25+00:00,worker_id: 472,result: 米兰达,correct: None|||question_description: 请输入你认为最合适的查询词,timestamp: 2015-06-06 07:45:20+00:00,worker_id: 486,result: 米兰达,correct: None|||question_description: 请输入你认为最合适的查询词,timestamp: 2015-06-06 08:12:45+00:00,worker_id: 306,result: 米兰达警告,correct: None|||question_description: 请输入你认为最合适的查询词,timestamp: 2015-06-06 08:13:22+00:00,worker_id: 58,result: 美国米兰达警告,correct: None|||question_description: 请输入你认为最合适的查询词,timestamp: 2015-06-06 08:19:25+00:00,worker_id: 438,result: 米兰达警告,correct: None|||question_description: 请输入你认为最合适的查询词,timestamp: 2015-06-06 08:19:26+00:00,worker_id: 494,result: 米兰达警告,correct: None|||question_description: 请输入你认为最合适的查询词,timestamp: 2015-06-06 08:33:29+00:00,worker_id: 160,result: 什么是米兰达警告,correct: None|||question_description: 请输入你认为最合适的查询词,timestamp: 2015-06-06 08:33:55+00:00,worker_id: 24,result: 米兰达警告,correct: None|||question_description: 请输入你认为最合适的查询词,timestamp: 2015-06-06 08:35:03+00:00,worker_id: 28,result: 米兰达警告,correct: None|||question_description: 请输入你认为最合适的查询词,timestamp: 2015-06-06 08:37:10+00:00,worker_id: 259,result: 米兰达警告,correct: None|||question_description: 请输入你认为最合适的查询词,timestamp: 2015-06-06 08:39:06+00:00,worker_id: 21,result: 米兰达警告,correct: None|||question_description: 请输入你认为最合适的查询词,timestamp: 2015-06-06 08:39:47+00:00,worker_id: 337,result: 米兰达警告,correct: None|||question_description: 请输入你认为最合适的查询词,timestamp: 2015-06-06 08:40:01+00:00,worker_id: 523,result: 米兰达警告,correct: None|||question_description: 请输入你认为最合适的查询词,timestamp: 2015-06-06 08:41:44+00:00,worker_id: 47,result: 米兰达警告,correct: None|||question_description: 请输入你认为最合适的查询词,timestamp: 2015-06-06 08:43:18+00:00,worker_id: 187,result: 米兰达警告,correct: None|||question_description: 请输入你认为最合适的查询词,timestamp: 2015-06-06 08:43:44+00:00,worker_id: 3,result: 米兰达警告,correct: None|||question_description: 请输入你认为最合适的查询词,timestamp: 2015-06-06 08:45:46+00:00,worker_id: 14,result: 米兰达警告,correct: None|||question_description: 请输入你认为最合适的查询词,timestamp: 2015-06-06 08:47:16+00:00,worker_id: 176,result: 米兰达警告,correct: None|||question_description: 请输入你认为最合适的查询词,timestamp: 2015-06-06 08:47:19+00:00,worker_id: 83,result: 米兰达警告,correct: None|||question_description: 请输入你认为最合适的查询词,timestamp: 2015-06-06 08:47:48+00:00,worker_id: 510,result: 什么是米兰达警告,correct: None"
"inner_id: 0,unit_data: # 这是一个注释行，下面是关于文件格式的说明,unit_golden: False,|||question_description: 请输入你认为最合适的查询词,timestamp: 2015-06-06 07:36:10+00:00,worker_id: 472,result: yellow,correct: None|||question_description: 请输入你认为最合适的查询词,timestamp: 2015-06-06 07:42:11+00:00,worker_id: 486,result: yellow,correct: None|||question_description: 请输入你认为最合适的查询词,timestamp: 2015-06-06 08:03:21+00:00,worker_id: 306,result: 港行区别 营运商,correct: None|||question_description: 请输入你认为最合适的查询词,timestamp: 2015-06-06 08:06:15+00:00,worker_id: 58,result: 苹果手机港版与行货的区别,correct: None|||question_description: 请输入你认为最合适的查询词,timestamp: 2015-06-06 08:12:58+00:00,worker_id: 494,result: 苹果区别,correct: None|||question_description: 请输入你认为最合适的查询词,timestamp: 2015-06-06 08:13:40+00:00,worker_id: 438,result: 港行苹果区别,correct: None|||question_description: 请输入你认为最合适的查询词,timestamp: 2015-06-06 08:27:51+00:00,worker_id: 160,result: iphone6港行和国行的区别,correct: None|||question_description: 请输入你认为最合适的查询词,timestamp: 2015-06-06 08:28:45+00:00,worker_id: 259,result: iphone6 港版 行货 区别,correct: None|||question_description: 请输入你认为最合适的查询词,timestamp: 2015-06-06 08:29:58+00:00,worker_id: 47,result: iphone6 比较,correct: None|||question_description: 请输入你认为最合适的查询词,timestamp: 2015-06-06 09:12:57+00:00,worker_id: 113,result: iPhone6 港版与行货区别 价格 保修 运营商支持,correct: None|||question_description: 请输入你认为最合适的查询词,timestamp: 2015-06-06 09:20:48+00:00,worker_id: 173,result: 港版和行货iPhone的区别,correct: None|||question_description: 请输入你认为最合适的查询词,timestamp: 2015-06-06 09:30:03+00:00,worker_id: 12,result: IPhone 6 港版价格,correct: None|||question_description: 请输入你认为最合适的查询词,timestamp: 2015-06-06 09:31:31+00:00,worker_id: 479,result: IPhone 6 港版和行货,correct: None|||question_description: 请输入你认为最合适的查询词,timestamp: 2015-06-06 09:36:51+00:00,worker_id: 2,result: IPhone港版行货,correct: None|||question_description: 请输入你认为最合适的查询词,timestamp: 2015-06-06 10:16:04+00:00,worker_id: 148,result: iphone6 ,correct: None|||question_description: 请输入你认为最合适的查询词,timestamp: 2015-06-06 10:25:38+00:00,worker_id: 407,result: 港版和行货iphone6,correct: None|||question_description: 请输入你认为最合适的查询词,timestamp: 2015-06-06 11:17:38+00:00,worker_id: 186,result: iphone6港版与行货区别,correct: None|||question_description: 请输入你认为最合适的查询词,timestamp: 2015-06-06 11:18:10+00:00,worker_id: 86,result: iphone6港版与行货的区别,correct: None|||question_description: 请输入你认为最合适的查询词,timestamp: 2015-06-06 11:39:16+00:00,worker_id: 387,result: iPhone6港版区别,correct: None"
"inner_id: 1,unit_data: # 每个单元可以附加一个地理位置需求，格式为在行末添加""GEOGEO 中心点经度 中心点纬度 半径（千米）"",unit_golden: False,|||question_description: 请输入你认为最合适的查询词,timestamp: 2015-06-06 07:37:21+00:00,worker_id: 472,result: yellow,correct: None|||question_description: 请输入你认为最合适的查询词,timestamp: 2015-06-06 07:42:19+00:00,worker_id: 486,result: background,correct: None|||question_description: 请输入你认为最合适的查询词,timestamp: 2015-06-06 08:03:36+00:00,worker_id: 306,result: 衍生金融工具,correct: None|||question_description: 请输入你认为最合适的查询词,timestamp: 2015-06-06 08:06:51+00:00,worker_id: 58,result: 衍生金融工具定义,correct: None|||question_description: 请输入你认为最合适的查询词,timestamp: 2015-06-06 08:13:34+00:00,worker_id: 494,result: 衍生金融工具,correct: None|||question_description: 请输入你认为最合适的查询词,timestamp: 2015-06-06 08:13:49+00:00,worker_id: 438,result: 衍生金融工具,correct: None|||question_description: 请输入你认为最合适的查询词,timestamp: 2015-06-06 08:28:15+00:00,worker_id: 160,result: 衍生金融工具的特征,correct: None|||question_description: 请输入你认为最合适的查询词,timestamp: 2015-06-06 08:29:20+00:00,worker_id: 259,result: 衍生金融工具,correct: None|||question_description: 请输入你认为最合适的查询词,timestamp: 2015-06-06 08:30:11+00:00,worker_id: 28,result: 衍生金融工具,correct: None|||question_description: 请输入你认为最合适的查询词,timestamp: 2015-06-06 08:30:27+00:00,worker_id: 24,result: 衍生金融工具,correct: None|||question_description: 请输入你认为最合适的查询词,timestamp: 2015-06-06 08:30:29+00:00,worker_id: 47,result: 衍生金融工具,correct: None|||question_description: 请输入你认为最合适的查询词,timestamp: 2015-06-06 08:32:59+00:00,worker_id: 523,result: 衍生 金融 工具,correct: None|||question_description: 请输入你认为最合适的查询词,timestamp: 2015-06-06 08:33:57+00:00,worker_id: 337,result: 衍生金融 工具,correct: None|||question_description: 请输入你认为最合适的查询词,timestamp: 2015-06-06 08:34:58+00:00,worker_id: 196,result: 衍生金融工具,correct: None|||question_description: 请输入你认为最合适的查询词,timestamp: 2015-06-06 08:35:17+00:00,worker_id: 21,result: 衍生金融工具,correct: None|||question_description: 请输入你认为最合适的查询词,timestamp: 2015-06-06 08:38:58+00:00,worker_id: 187,result: 衍生金融工具,correct: None|||question_description: 请输入你认为最合适的查询词,timestamp: 2015-06-06 09:13:25+00:00,worker_id: 113,result: 衍生金融工具 特征,correct: None|||question_description: 请输入你认为最合适的查询词,timestamp: 2015-06-06 09:21:07+00:00,worker_id: 173,result: 衍生金融工具,correct: None|||question_description: 请输入你认为最合适的查询词,timestamp: 2015-06-06 09:30:24+00:00,worker_id: 12,result: 衍生金融工具,correct: None|||question_description: 请输入你认为最合适的查询词,timestamp: 2015-06-06 09:31:42+00:00,worker_id: 479,result: 衍生金融工具,correct: None"
