国家博物馆开放时间(4),国博开放时间(3),中国国家博物馆开放时间(3),博物馆 开放时间(2),国家博物馆时间(1),参观时间(1),博物馆时间(1),博物馆(1),中国国家博物馆时间(1),中国国家博物馆 开放时间(1),中国国家博物馆(1),background(1)
夏天水果(4),夏季水果(2),夏天吃什么水果(2),夏天 水果(2),适合夏天吃的水果(1),西瓜(1),水果季节(1),水果 夏天(1),水果(1),当季水果(1),夏季适合水果(1),夏天吃什么水果好(1),夏天什么水果好(1),yellow(1)
高铁改签(5),高铁改签规定(3),高铁改签政策(2),高铁改签手续(2),高铁票改签(1),高铁票 改签(1),高铁改签学生票(1),高铁 改签(1),高铁(1),火车改签规定(1),改签时间(1),background(1)
五味子(9),五味子食用方法及功效(1),五味子百科(1),五味子吃法和功效(1),五味子功效及食用方法(1),五味子使用方法及功效(1),五味子使用方法与功效(1),五味子使用方法(1),五味子 食用方法 功效(1),五味子 使用方法(1),五位子功能(1),yellow(1)
抢票攻略(4),火车票抢票攻略(3),火车票抢购(2),火车票 抢票(2),网购火车票(1),网上火车票(1),火车票网购抢票攻略(1),火车票抢票攻略及注意事项(1),火车票抢票(1),火车票(1),抢票(1),抢火车票(1),color(1)
咖啡的利弊(2),咖啡优缺点(2),咖啡(2),怎么喝咖啡(1),如何喝咖啡(1),喝咖啡的好处与坏处(1),喝咖啡的好坏(1),喝咖啡的利弊(1),喝咖啡 健康(1),咖啡饮用方式(1),咖啡益处及副作用(1),咖啡的好处和副作用(1),咖啡的功效(1),咖啡烹制(1),咖啡利弊(1),yellow(1),coffee(1)
拔智齿的危害(4),拔智齿(4),拔智齿危害(3),智齿该不该拔(2),智齿(2),智齿是否需要拔除(1),智齿危害(1),拔智齿的坏处(1),拔智齿利弊(1),background(1)
台湾旅游攻略(11),台湾旅游(2),景点(1),台湾景点攻略(1),台湾旅游注意事项(1),台湾旅游景点攻略(1),台湾旅游 注意事项(1),台湾攻略(1),yellow(1)
iphone进水(5),iphone进水怎么办(2),苹果进水处理(1),苹果手机进水怎么办(1),手机进水后处理(1),处理(1),iphone进水紧急处理措施(1),iphone进水怎么处理(1),iphone进水处理(1),iphone进水后(1),iphone 进水(1),iPhone进水该怎么办(1),iPhone进水怎么办(1),iPhone进水后处理(1),background(1)
幼儿流鼻血怎么止血(3),流鼻血止血(2),幼儿流鼻血(2),流鼻血(1),止鼻血(1),快速止鼻血(1),幼儿鼻血止血方式(1),幼儿流鼻血止血(1),幼儿流鼻血怎么处理(1),幼儿流鼻血处理措施(1),幼儿流鼻血 快速止血(1),小孩流鼻血怎么办(1),孩子流鼻血怎么办(1),儿童流鼻血(1),yellow(1),1岁儿童流鼻血止血(1)
冲撞(2),高速车祸怎么处理(1),高速路车祸怎么办(1),高速路车撞 怎么办(1),高速路撞车(1),高速路冲撞(1),高速路交通事故处理方式(1),高速路事故处理(1),高速冲撞解决(1),高速冲撞后处理(1),高速公路车祸怎么办(1),高速公路交通事故处理(1),高速公路事故解决办法(1),高速公路事故(1),高速交通事故(1),高速事故处理(1),车祸处理(1),车祸伤员处理(1),车祸(1)
身份证(1),登火车忘带身份证怎么办(1),火车站身份证(1),火车站忘带身份证处理方式(1),火车票补身份证(1),火车票忘带身份证(1),火车票(1),火车无身份证(1),火车实名制没带身份证(1),没身份证怎么买火车票(1),没带身份证赶火车(1),没带身份证怎么乘车(1),实名制 忘带身份证(1),坐火车忘带身份证怎么办(1),坐火车忘带身份证(1),买火车票没有身份证(1),乘火车忘带身份证处理方法(1),乘火车忘带身份证(1),乘火车 忘记身份证(1),乘坐火车忘带身份证怎么办(1)
飞机行李托运规定(3),行李托运(3),飞机行李托运(2),飞机托运(2),行李托运规定(2),飞机行李规定(1),飞机托运行李规定(1),飞机托运的规定(1),飞机 行李限制(1),飞机 托运行李(1),航空托运(1),航班携带行李规定(1),托运行李(1)
达阵(8),橄榄球达阵(3),橄榄球(2),什么是达阵(2),美式橄榄球达阵含义(1),美式橄榄球达阵(1),美式橄榄球 达阵(1),橄榄球中什么是达阵(1),橄榄球 达阵(1)
拖车杆使用方法(3),汽车拖车杆使用方法(2),拖车杆用法(2),拖车杆(2),汽车拖车杆的使用方法(1),汽车拖车杆怎么用(1),汽车拖车杆(1),拖车杠怎么用(1),拖车杠使用方法(1),拖车杆的用法(1),拖车杆的使用方法(1),拖车杆使用(1),拖车杆 使用方法(1),拖车(1),托车杆(1)
防晒霜(6),防晒霜参数(3),防晒霜选购(1),防晒霜选择(1),防晒霜购买攻略(1),防晒霜的作用及评价参数(1),防晒霜比较(1),防晒霜效果(1),防晒霜推荐(1),防晒霜如何选购与使用(1),防晒(1),怎样选择防晒霜(1),如何评价防晒霜好坏(1)
台球 8球 9球(3),台球玩法(2),台球(2),台球规则(1),台球种类(1),台球玩法规则区别(1),台球玩法规则(1),台球八球九球(1),台球8球和9球的区别(1),台球8球和9球用法(1),台球8球与9球(1),台球8球9球的区别(1),台球8球9球不同(1),台球8球9球(1),8球和9球区别(1),8球9球台球规则(1)
米兰达警告(15),米兰达(2),什么是米兰达警告(2),美国米兰达警告(1)
yellow(2),苹果手机港版与行货的区别(1),苹果区别(1),港行苹果区别(1),港行区别 营运商(1),港版和行货iphone6(1),港版和行货iPhone的区别(1),iphone6港行和国行的区别(1),iphone6港版与行货的区别(1),iphone6港版与行货区别(1),iphone6 港版 行货 区别(1),iphone6 比较(1),iphone6(1),iPhone6港版区别(1),iPhone6 港版与行货区别 价格 保修 运营商支持(1),IPhone港版行货(1),IPhone 6 港版和行货(1),IPhone 6 港版价格(1)
衍生金融工具(13),衍生金融工具的特征(1),衍生金融工具定义(1),衍生金融工具 特征(1),衍生金融 工具(1),衍生 金融 工具(1),yellow(1),background(1)
